steps,values
1.708032000000000000e+06,1.999999949475750327e-04
1.710080000000000000e+06,1.999999949475750327e-04
1.712128000000000000e+06,1.999999949475750327e-04
1.714176000000000000e+06,1.999999949475750327e-04
1.716224000000000000e+06,1.999999949475750327e-04
1.718272000000000000e+06,1.999999949475750327e-04
1.720320000000000000e+06,1.999999949475750327e-04
1.722368000000000000e+06,1.999999949475750327e-04
1.724416000000000000e+06,1.999999949475750327e-04
1.726464000000000000e+06,1.999999949475750327e-04
1.728512000000000000e+06,1.999999949475750327e-04
1.730560000000000000e+06,1.999999949475750327e-04
1.732608000000000000e+06,1.999999949475750327e-04
1.734656000000000000e+06,1.999999949475750327e-04
1.736704000000000000e+06,1.999999949475750327e-04
1.738752000000000000e+06,1.999999949475750327e-04
1.740800000000000000e+06,1.999999949475750327e-04
1.742848000000000000e+06,1.999999949475750327e-04
1.744896000000000000e+06,1.999999949475750327e-04
1.746944000000000000e+06,1.999999949475750327e-04
1.748992000000000000e+06,1.999999949475750327e-04
1.751040000000000000e+06,1.999999949475750327e-04
1.753088000000000000e+06,1.999999949475750327e-04
1.755136000000000000e+06,1.999999949475750327e-04
1.757184000000000000e+06,1.999999949475750327e-04
1.759232000000000000e+06,1.999999949475750327e-04
1.761280000000000000e+06,1.999999949475750327e-04
1.763328000000000000e+06,1.999999949475750327e-04
1.765376000000000000e+06,1.999999949475750327e-04
1.767424000000000000e+06,1.999999949475750327e-04
1.769472000000000000e+06,1.999999949475750327e-04
1.771520000000000000e+06,1.999999949475750327e-04
1.773568000000000000e+06,1.999999949475750327e-04
1.775616000000000000e+06,1.999999949475750327e-04
1.777664000000000000e+06,1.999999949475750327e-04
1.779712000000000000e+06,1.999999949475750327e-04
1.781760000000000000e+06,1.999999949475750327e-04
1.783808000000000000e+06,1.999999949475750327e-04
1.785856000000000000e+06,1.999999949475750327e-04
1.787904000000000000e+06,1.999999949475750327e-04
1.789952000000000000e+06,1.999999949475750327e-04
1.792000000000000000e+06,1.999999949475750327e-04
1.794048000000000000e+06,1.999999949475750327e-04
1.796096000000000000e+06,1.999999949475750327e-04
1.798144000000000000e+06,1.999999949475750327e-04
1.800192000000000000e+06,1.999999949475750327e-04
1.802240000000000000e+06,1.999999949475750327e-04
1.804288000000000000e+06,1.999999949475750327e-04
1.806336000000000000e+06,1.999999949475750327e-04
1.808384000000000000e+06,1.999999949475750327e-04
1.810432000000000000e+06,1.999999949475750327e-04
1.812480000000000000e+06,1.999999949475750327e-04
1.814528000000000000e+06,1.999999949475750327e-04
1.816576000000000000e+06,1.999999949475750327e-04
1.818624000000000000e+06,1.999999949475750327e-04
1.820672000000000000e+06,1.999999949475750327e-04
1.822720000000000000e+06,1.999999949475750327e-04
1.824768000000000000e+06,1.999999949475750327e-04
1.826816000000000000e+06,1.999999949475750327e-04
1.828864000000000000e+06,1.999999949475750327e-04
1.830912000000000000e+06,1.999999949475750327e-04
1.832960000000000000e+06,1.999999949475750327e-04
1.835008000000000000e+06,1.999999949475750327e-04
1.837056000000000000e+06,1.999999949475750327e-04
1.839104000000000000e+06,1.999999949475750327e-04
1.841152000000000000e+06,1.999999949475750327e-04
1.843200000000000000e+06,1.999999949475750327e-04
1.845248000000000000e+06,1.999999949475750327e-04
1.847296000000000000e+06,1.999999949475750327e-04
1.849344000000000000e+06,1.999999949475750327e-04
1.851392000000000000e+06,1.999999949475750327e-04
1.853440000000000000e+06,1.999999949475750327e-04
1.855488000000000000e+06,1.999999949475750327e-04
1.857536000000000000e+06,1.999999949475750327e-04
1.859584000000000000e+06,1.999999949475750327e-04
1.861632000000000000e+06,1.999999949475750327e-04
1.863680000000000000e+06,1.999999949475750327e-04
1.865728000000000000e+06,1.999999949475750327e-04
1.867776000000000000e+06,1.999999949475750327e-04
1.869824000000000000e+06,1.999999949475750327e-04
1.871872000000000000e+06,1.999999949475750327e-04
1.873920000000000000e+06,1.999999949475750327e-04
1.875968000000000000e+06,1.999999949475750327e-04
1.878016000000000000e+06,1.999999949475750327e-04
1.880064000000000000e+06,1.999999949475750327e-04
1.882112000000000000e+06,1.999999949475750327e-04
1.884160000000000000e+06,1.999999949475750327e-04
1.886208000000000000e+06,1.999999949475750327e-04
1.888256000000000000e+06,1.999999949475750327e-04
1.890304000000000000e+06,1.999999949475750327e-04
1.892352000000000000e+06,1.999999949475750327e-04
1.894400000000000000e+06,1.999999949475750327e-04
1.896448000000000000e+06,1.999999949475750327e-04
1.898496000000000000e+06,1.999999949475750327e-04
1.900544000000000000e+06,1.999999949475750327e-04
1.902592000000000000e+06,1.999999949475750327e-04
1.904640000000000000e+06,1.999999949475750327e-04
1.906688000000000000e+06,1.999999949475750327e-04
1.908736000000000000e+06,1.999999949475750327e-04
1.910784000000000000e+06,1.999999949475750327e-04
1.912832000000000000e+06,1.999999949475750327e-04
1.914880000000000000e+06,1.999999949475750327e-04
1.916928000000000000e+06,1.999999949475750327e-04
1.918976000000000000e+06,1.999999949475750327e-04
1.921024000000000000e+06,1.999999949475750327e-04
1.923072000000000000e+06,1.999999949475750327e-04
1.925120000000000000e+06,1.999999949475750327e-04
1.927168000000000000e+06,1.999999949475750327e-04
1.929216000000000000e+06,1.999999949475750327e-04
1.931264000000000000e+06,1.999999949475750327e-04
1.933312000000000000e+06,1.999999949475750327e-04
1.935360000000000000e+06,1.999999949475750327e-04
1.937408000000000000e+06,1.999999949475750327e-04
1.939456000000000000e+06,1.999999949475750327e-04
1.941504000000000000e+06,1.999999949475750327e-04
1.943552000000000000e+06,1.999999949475750327e-04
1.945600000000000000e+06,1.999999949475750327e-04
1.947648000000000000e+06,1.999999949475750327e-04
1.949696000000000000e+06,1.999999949475750327e-04
1.951744000000000000e+06,1.999999949475750327e-04
1.953792000000000000e+06,1.999999949475750327e-04
1.955840000000000000e+06,1.999999949475750327e-04
1.957888000000000000e+06,1.999999949475750327e-04
1.959936000000000000e+06,1.999999949475750327e-04
1.961984000000000000e+06,1.999999949475750327e-04
1.964032000000000000e+06,1.999999949475750327e-04
1.966080000000000000e+06,1.999999949475750327e-04
1.968128000000000000e+06,1.999999949475750327e-04
1.970176000000000000e+06,1.999999949475750327e-04
1.972224000000000000e+06,1.999999949475750327e-04
1.974272000000000000e+06,1.999999949475750327e-04
1.976320000000000000e+06,1.999999949475750327e-04
1.978368000000000000e+06,1.999999949475750327e-04
1.980416000000000000e+06,1.999999949475750327e-04
1.982464000000000000e+06,1.999999949475750327e-04
1.984512000000000000e+06,1.999999949475750327e-04
1.986560000000000000e+06,1.999999949475750327e-04
1.988608000000000000e+06,1.999999949475750327e-04
1.990656000000000000e+06,1.999999949475750327e-04
1.992704000000000000e+06,1.999999949475750327e-04
1.994752000000000000e+06,1.999999949475750327e-04
1.996800000000000000e+06,1.999999949475750327e-04
1.998848000000000000e+06,1.999999949475750327e-04
2.000896000000000000e+06,1.999999949475750327e-04
2.002944000000000000e+06,1.999999949475750327e-04
2.004992000000000000e+06,1.999999949475750327e-04
2.007040000000000000e+06,1.999999949475750327e-04
2.009088000000000000e+06,1.999999949475750327e-04
2.011136000000000000e+06,1.999999949475750327e-04
2.013184000000000000e+06,1.999999949475750327e-04
2.015232000000000000e+06,1.999999949475750327e-04
2.017280000000000000e+06,1.999999949475750327e-04
2.019328000000000000e+06,1.999999949475750327e-04
2.021376000000000000e+06,1.999999949475750327e-04
2.023424000000000000e+06,1.999999949475750327e-04
2.025472000000000000e+06,1.999999949475750327e-04
2.027520000000000000e+06,1.999999949475750327e-04
2.029568000000000000e+06,1.999999949475750327e-04
2.031616000000000000e+06,1.999999949475750327e-04
2.033664000000000000e+06,1.999999949475750327e-04
2.035712000000000000e+06,1.999999949475750327e-04
2.037760000000000000e+06,1.999999949475750327e-04
2.039808000000000000e+06,1.999999949475750327e-04
2.041856000000000000e+06,1.999999949475750327e-04
2.043904000000000000e+06,1.999999949475750327e-04
2.045952000000000000e+06,1.999999949475750327e-04
2.048000000000000000e+06,1.999999949475750327e-04
2.050048000000000000e+06,1.999999949475750327e-04
2.052096000000000000e+06,1.999999949475750327e-04
2.054144000000000000e+06,1.999999949475750327e-04
2.056192000000000000e+06,1.999999949475750327e-04
2.058240000000000000e+06,1.999999949475750327e-04
2.060288000000000000e+06,1.999999949475750327e-04
2.062336000000000000e+06,1.999999949475750327e-04
2.064384000000000000e+06,1.999999949475750327e-04
2.066432000000000000e+06,1.999999949475750327e-04
2.068480000000000000e+06,1.999999949475750327e-04
2.070528000000000000e+06,1.999999949475750327e-04
2.072576000000000000e+06,1.999999949475750327e-04
2.074624000000000000e+06,1.999999949475750327e-04
2.076672000000000000e+06,1.999999949475750327e-04
2.078720000000000000e+06,1.999999949475750327e-04
2.080768000000000000e+06,1.999999949475750327e-04
2.082816000000000000e+06,1.999999949475750327e-04
2.084864000000000000e+06,1.999999949475750327e-04
2.086912000000000000e+06,1.999999949475750327e-04
2.088960000000000000e+06,1.999999949475750327e-04
2.091008000000000000e+06,1.999999949475750327e-04
2.093056000000000000e+06,1.999999949475750327e-04
2.095104000000000000e+06,1.999999949475750327e-04
2.097152000000000000e+06,1.999999949475750327e-04
2.099200000000000000e+06,1.999999949475750327e-04
2.101248000000000000e+06,1.999999949475750327e-04
2.103296000000000000e+06,1.999999949475750327e-04
2.105344000000000000e+06,1.999999949475750327e-04
2.107392000000000000e+06,1.999999949475750327e-04
2.109440000000000000e+06,1.999999949475750327e-04
2.111488000000000000e+06,1.999999949475750327e-04
2.113536000000000000e+06,1.999999949475750327e-04
2.115584000000000000e+06,1.999999949475750327e-04
2.117632000000000000e+06,1.999999949475750327e-04
2.119680000000000000e+06,1.999999949475750327e-04
2.121728000000000000e+06,1.999999949475750327e-04
2.123776000000000000e+06,1.999999949475750327e-04
2.125824000000000000e+06,1.999999949475750327e-04
2.127872000000000000e+06,1.999999949475750327e-04
2.129920000000000000e+06,1.999999949475750327e-04
2.131968000000000000e+06,1.999999949475750327e-04
2.134016000000000000e+06,1.999999949475750327e-04
2.136064000000000000e+06,1.999999949475750327e-04
2.138112000000000000e+06,1.999999949475750327e-04
2.140160000000000000e+06,1.999999949475750327e-04
2.142208000000000000e+06,1.999999949475750327e-04
2.144256000000000000e+06,1.999999949475750327e-04
2.146304000000000000e+06,1.999999949475750327e-04
2.148352000000000000e+06,1.999999949475750327e-04
2.150400000000000000e+06,1.999999949475750327e-04
2.152448000000000000e+06,1.999999949475750327e-04
2.154496000000000000e+06,1.999999949475750327e-04
2.156544000000000000e+06,1.999999949475750327e-04
2.158592000000000000e+06,1.999999949475750327e-04
2.160640000000000000e+06,1.999999949475750327e-04
2.162688000000000000e+06,1.999999949475750327e-04
2.164736000000000000e+06,1.999999949475750327e-04
2.166784000000000000e+06,1.999999949475750327e-04
2.168832000000000000e+06,1.999999949475750327e-04
2.170880000000000000e+06,1.999999949475750327e-04
2.172928000000000000e+06,1.999999949475750327e-04
2.174976000000000000e+06,1.999999949475750327e-04
2.177024000000000000e+06,1.999999949475750327e-04
2.179072000000000000e+06,1.999999949475750327e-04
2.181120000000000000e+06,1.999999949475750327e-04
2.183168000000000000e+06,1.999999949475750327e-04
2.185216000000000000e+06,1.999999949475750327e-04
2.187264000000000000e+06,1.999999949475750327e-04
2.189312000000000000e+06,1.999999949475750327e-04
2.191360000000000000e+06,1.999999949475750327e-04
2.193408000000000000e+06,1.999999949475750327e-04
2.195456000000000000e+06,1.999999949475750327e-04
2.197504000000000000e+06,1.999999949475750327e-04
2.199552000000000000e+06,1.999999949475750327e-04
2.201600000000000000e+06,1.999999949475750327e-04
2.203648000000000000e+06,1.999999949475750327e-04
2.205696000000000000e+06,1.999999949475750327e-04
2.207744000000000000e+06,1.999999949475750327e-04
2.209792000000000000e+06,1.999999949475750327e-04
2.211840000000000000e+06,1.999999949475750327e-04
2.213888000000000000e+06,1.999999949475750327e-04
2.215936000000000000e+06,1.999999949475750327e-04
2.217984000000000000e+06,1.999999949475750327e-04
2.220032000000000000e+06,1.999999949475750327e-04
2.222080000000000000e+06,1.999999949475750327e-04
2.224128000000000000e+06,1.999999949475750327e-04
2.226176000000000000e+06,1.999999949475750327e-04
2.228224000000000000e+06,1.999999949475750327e-04
2.230272000000000000e+06,1.999999949475750327e-04
2.232320000000000000e+06,1.999999949475750327e-04
2.234368000000000000e+06,1.999999949475750327e-04
2.236416000000000000e+06,1.999999949475750327e-04
2.238464000000000000e+06,1.999999949475750327e-04
2.240512000000000000e+06,1.999999949475750327e-04
2.242560000000000000e+06,1.999999949475750327e-04
2.244608000000000000e+06,1.999999949475750327e-04
2.246656000000000000e+06,1.999999949475750327e-04
2.248704000000000000e+06,1.999999949475750327e-04
2.250752000000000000e+06,1.999999949475750327e-04
2.252800000000000000e+06,1.999999949475750327e-04
2.254848000000000000e+06,1.999999949475750327e-04
2.256896000000000000e+06,1.999999949475750327e-04
2.258944000000000000e+06,1.999999949475750327e-04
2.260992000000000000e+06,1.999999949475750327e-04
2.263040000000000000e+06,1.999999949475750327e-04
2.265088000000000000e+06,1.999999949475750327e-04
2.267136000000000000e+06,1.999999949475750327e-04
2.269184000000000000e+06,1.999999949475750327e-04
2.271232000000000000e+06,1.999999949475750327e-04
2.273280000000000000e+06,1.999999949475750327e-04
2.275328000000000000e+06,1.999999949475750327e-04
2.277376000000000000e+06,1.999999949475750327e-04
2.279424000000000000e+06,1.999999949475750327e-04
2.281472000000000000e+06,1.999999949475750327e-04
2.283520000000000000e+06,1.999999949475750327e-04
2.285568000000000000e+06,1.999999949475750327e-04
2.287616000000000000e+06,1.999999949475750327e-04
2.289664000000000000e+06,1.999999949475750327e-04
2.291712000000000000e+06,1.999999949475750327e-04
2.293760000000000000e+06,1.999999949475750327e-04
2.295808000000000000e+06,1.999999949475750327e-04
2.297856000000000000e+06,1.999999949475750327e-04
2.299904000000000000e+06,1.999999949475750327e-04
2.301952000000000000e+06,1.999999949475750327e-04
2.304000000000000000e+06,1.999999949475750327e-04
2.306048000000000000e+06,1.999999949475750327e-04
2.308096000000000000e+06,1.999999949475750327e-04
2.310144000000000000e+06,1.999999949475750327e-04
2.312192000000000000e+06,1.999999949475750327e-04
2.314240000000000000e+06,1.999999949475750327e-04
2.316288000000000000e+06,1.999999949475750327e-04
2.318336000000000000e+06,1.999999949475750327e-04
2.320384000000000000e+06,1.999999949475750327e-04
2.322432000000000000e+06,1.999999949475750327e-04
2.324480000000000000e+06,1.999999949475750327e-04
2.326528000000000000e+06,1.999999949475750327e-04
2.328576000000000000e+06,1.999999949475750327e-04
2.330624000000000000e+06,1.999999949475750327e-04
2.332672000000000000e+06,1.999999949475750327e-04
2.334720000000000000e+06,1.999999949475750327e-04
2.336768000000000000e+06,1.999999949475750327e-04
2.338816000000000000e+06,1.999999949475750327e-04
2.340864000000000000e+06,1.999999949475750327e-04
2.342912000000000000e+06,1.999999949475750327e-04
2.344960000000000000e+06,1.999999949475750327e-04
2.347008000000000000e+06,1.999999949475750327e-04
2.349056000000000000e+06,1.999999949475750327e-04
2.351104000000000000e+06,1.999999949475750327e-04
2.353152000000000000e+06,1.999999949475750327e-04
2.355200000000000000e+06,1.999999949475750327e-04
2.357248000000000000e+06,1.999999949475750327e-04
2.359296000000000000e+06,1.999999949475750327e-04
2.361344000000000000e+06,1.999999949475750327e-04
2.363392000000000000e+06,1.999999949475750327e-04
2.365440000000000000e+06,1.999999949475750327e-04
2.367488000000000000e+06,1.999999949475750327e-04
2.369536000000000000e+06,1.999999949475750327e-04
2.371584000000000000e+06,1.999999949475750327e-04
2.373632000000000000e+06,1.999999949475750327e-04
2.375680000000000000e+06,1.999999949475750327e-04
2.377728000000000000e+06,1.999999949475750327e-04
2.379776000000000000e+06,1.999999949475750327e-04
2.381824000000000000e+06,1.999999949475750327e-04
2.383872000000000000e+06,1.999999949475750327e-04
2.385920000000000000e+06,1.999999949475750327e-04
2.387968000000000000e+06,1.999999949475750327e-04
2.390016000000000000e+06,1.999999949475750327e-04
2.392064000000000000e+06,1.999999949475750327e-04
2.394112000000000000e+06,1.999999949475750327e-04
2.396160000000000000e+06,1.999999949475750327e-04
2.398208000000000000e+06,1.999999949475750327e-04
2.400256000000000000e+06,1.999999949475750327e-04
2.402304000000000000e+06,1.999999949475750327e-04
2.404352000000000000e+06,1.999999949475750327e-04
2.406400000000000000e+06,1.999999949475750327e-04
2.408448000000000000e+06,1.999999949475750327e-04
2.410496000000000000e+06,1.999999949475750327e-04
2.412544000000000000e+06,1.999999949475750327e-04
2.414592000000000000e+06,1.999999949475750327e-04
2.416640000000000000e+06,1.999999949475750327e-04
2.418688000000000000e+06,1.999999949475750327e-04
2.420736000000000000e+06,1.999999949475750327e-04
2.422784000000000000e+06,1.999999949475750327e-04
2.424832000000000000e+06,1.999999949475750327e-04
2.426880000000000000e+06,1.999999949475750327e-04
2.428928000000000000e+06,1.999999949475750327e-04
2.430976000000000000e+06,1.999999949475750327e-04
2.433024000000000000e+06,1.999999949475750327e-04
2.435072000000000000e+06,1.999999949475750327e-04
2.437120000000000000e+06,1.999999949475750327e-04
2.439168000000000000e+06,1.999999949475750327e-04
2.441216000000000000e+06,1.999999949475750327e-04
2.443264000000000000e+06,1.999999949475750327e-04
2.445312000000000000e+06,1.999999949475750327e-04
2.447360000000000000e+06,1.999999949475750327e-04
2.449408000000000000e+06,1.999999949475750327e-04
2.451456000000000000e+06,1.999999949475750327e-04
2.453504000000000000e+06,1.999999949475750327e-04
2.455552000000000000e+06,1.999999949475750327e-04
2.457600000000000000e+06,1.999999949475750327e-04
2.459648000000000000e+06,1.999999949475750327e-04
2.461696000000000000e+06,1.999999949475750327e-04
2.463744000000000000e+06,1.999999949475750327e-04
2.465792000000000000e+06,1.999999949475750327e-04
2.467840000000000000e+06,1.999999949475750327e-04
2.469888000000000000e+06,1.999999949475750327e-04
2.471936000000000000e+06,1.999999949475750327e-04
2.473984000000000000e+06,1.999999949475750327e-04
2.476032000000000000e+06,1.999999949475750327e-04
2.478080000000000000e+06,1.999999949475750327e-04
2.480128000000000000e+06,1.999999949475750327e-04
2.482176000000000000e+06,1.999999949475750327e-04
2.484224000000000000e+06,1.999999949475750327e-04
2.486272000000000000e+06,1.999999949475750327e-04
2.488320000000000000e+06,1.999999949475750327e-04
2.490368000000000000e+06,1.999999949475750327e-04
2.492416000000000000e+06,1.999999949475750327e-04
2.494464000000000000e+06,1.999999949475750327e-04
2.496512000000000000e+06,1.999999949475750327e-04
2.498560000000000000e+06,1.999999949475750327e-04
2.500608000000000000e+06,1.999999949475750327e-04
2.502656000000000000e+06,1.999999949475750327e-04
2.504704000000000000e+06,1.999999949475750327e-04
2.506752000000000000e+06,1.999999949475750327e-04
2.508800000000000000e+06,1.999999949475750327e-04
2.510848000000000000e+06,1.999999949475750327e-04
2.512896000000000000e+06,1.999999949475750327e-04
2.514944000000000000e+06,1.999999949475750327e-04
2.516992000000000000e+06,1.999999949475750327e-04
2.519040000000000000e+06,1.999999949475750327e-04
2.521088000000000000e+06,1.999999949475750327e-04
2.523136000000000000e+06,1.999999949475750327e-04
2.525184000000000000e+06,1.999999949475750327e-04
2.527232000000000000e+06,1.999999949475750327e-04
2.529280000000000000e+06,1.999999949475750327e-04
2.531328000000000000e+06,1.999999949475750327e-04
2.533376000000000000e+06,1.999999949475750327e-04
2.535424000000000000e+06,1.999999949475750327e-04
2.537472000000000000e+06,1.999999949475750327e-04
2.539520000000000000e+06,1.999999949475750327e-04
2.541568000000000000e+06,1.999999949475750327e-04
2.543616000000000000e+06,1.999999949475750327e-04
2.545664000000000000e+06,1.999999949475750327e-04
2.547712000000000000e+06,1.999999949475750327e-04
2.549760000000000000e+06,1.999999949475750327e-04
2.551808000000000000e+06,1.999999949475750327e-04
2.553856000000000000e+06,1.999999949475750327e-04
2.555904000000000000e+06,1.999999949475750327e-04
2.557952000000000000e+06,1.999999949475750327e-04
2.560000000000000000e+06,1.999999949475750327e-04
2.562048000000000000e+06,1.999999949475750327e-04
2.564096000000000000e+06,1.999999949475750327e-04
2.566144000000000000e+06,1.999999949475750327e-04
2.568192000000000000e+06,1.999999949475750327e-04
2.570240000000000000e+06,1.999999949475750327e-04
2.572288000000000000e+06,1.999999949475750327e-04
2.574336000000000000e+06,1.999999949475750327e-04
2.576384000000000000e+06,1.999999949475750327e-04
2.578432000000000000e+06,1.999999949475750327e-04
2.580480000000000000e+06,1.999999949475750327e-04
2.582528000000000000e+06,1.999999949475750327e-04
2.584576000000000000e+06,1.999999949475750327e-04
2.586624000000000000e+06,1.999999949475750327e-04
2.588672000000000000e+06,1.999999949475750327e-04
2.590720000000000000e+06,1.999999949475750327e-04
2.592768000000000000e+06,1.999999949475750327e-04
2.594816000000000000e+06,1.999999949475750327e-04
2.596864000000000000e+06,1.999999949475750327e-04
2.598912000000000000e+06,1.999999949475750327e-04
2.600960000000000000e+06,1.999999949475750327e-04
2.603008000000000000e+06,1.999999949475750327e-04
2.605056000000000000e+06,1.999999949475750327e-04
2.607104000000000000e+06,1.999999949475750327e-04
2.609152000000000000e+06,1.999999949475750327e-04
2.611200000000000000e+06,1.999999949475750327e-04
2.613248000000000000e+06,1.999999949475750327e-04
2.615296000000000000e+06,1.999999949475750327e-04
2.617344000000000000e+06,1.999999949475750327e-04
2.619392000000000000e+06,1.999999949475750327e-04
2.621440000000000000e+06,1.999999949475750327e-04
2.623488000000000000e+06,1.999999949475750327e-04
2.625536000000000000e+06,1.999999949475750327e-04
2.627584000000000000e+06,1.999999949475750327e-04
2.629632000000000000e+06,1.999999949475750327e-04
2.631680000000000000e+06,1.999999949475750327e-04
2.633728000000000000e+06,1.999999949475750327e-04
2.635776000000000000e+06,1.999999949475750327e-04
2.637824000000000000e+06,1.999999949475750327e-04
2.639872000000000000e+06,1.999999949475750327e-04
2.641920000000000000e+06,1.999999949475750327e-04
2.643968000000000000e+06,1.999999949475750327e-04
2.646016000000000000e+06,1.999999949475750327e-04
2.648064000000000000e+06,1.999999949475750327e-04
2.650112000000000000e+06,1.999999949475750327e-04
2.652160000000000000e+06,1.999999949475750327e-04
2.654208000000000000e+06,1.999999949475750327e-04
2.656256000000000000e+06,1.999999949475750327e-04
2.658304000000000000e+06,1.999999949475750327e-04
2.660352000000000000e+06,1.999999949475750327e-04
2.662400000000000000e+06,1.999999949475750327e-04
2.664448000000000000e+06,1.999999949475750327e-04
2.666496000000000000e+06,1.999999949475750327e-04
2.668544000000000000e+06,1.999999949475750327e-04
2.670592000000000000e+06,1.999999949475750327e-04
2.672640000000000000e+06,1.999999949475750327e-04
2.674688000000000000e+06,1.999999949475750327e-04
2.676736000000000000e+06,1.999999949475750327e-04
2.678784000000000000e+06,1.999999949475750327e-04
2.680832000000000000e+06,1.999999949475750327e-04
2.682880000000000000e+06,1.999999949475750327e-04
2.684928000000000000e+06,1.999999949475750327e-04
2.686976000000000000e+06,1.999999949475750327e-04
2.689024000000000000e+06,1.999999949475750327e-04
2.691072000000000000e+06,1.999999949475750327e-04
2.693120000000000000e+06,1.999999949475750327e-04
2.695168000000000000e+06,1.999999949475750327e-04
2.697216000000000000e+06,1.999999949475750327e-04
2.699264000000000000e+06,1.999999949475750327e-04
2.701312000000000000e+06,1.999999949475750327e-04
2.703360000000000000e+06,1.999999949475750327e-04
2.705408000000000000e+06,1.999999949475750327e-04
